"beerGraphs$Brewery[i]","beerGraphs$Location[i]","lon","lat"
"Exe Valley","",9.4269129,54.7797338
"Erie Brewing Co.","Erie, PA, US",-80.0093779,42.1193166
"Da Nang Brewery (Heineken)","",108.2062293,16.0470788
"Three Troupers","",NA,NA
"Four Friends Brewing","Charlotte, NC, US",-80.8431267,35.2270869
"Davo","",-90.1111988,31.1060122
"Liberec-Vratislavice","",15.096756,50.743998
"Carlsberg Polska","",14.4658694,51.0898167
"Swashbuckler Brewing Co.","Manheim, PA, US",-76.3949614,40.1634279
"W.J.King","",-121.9836029,47.5480339
"Flyers Brewery","Oak Harbor, WA, US",-122.6432245,48.2931559
"Blue Sky Brewery","Cairns, QLD, AU",145.7708595,-16.9203338
"Great Lakes / Cellar Rats","",NA,NA
"Brasserie Lepers","",NA,NA
"Benford Brewing","",NA,NA
"Waldemars Mikrobryggeri","",NA,NA
"Micro Brasserie L'Agrivoise","Saint-Agrève, RA, FR",4.396395,45.009421
"Galway Hooker","",NA,NA
"Munkebo Mikrobryg","",10.555694,55.459149
"Panil Birrificio Torrechiara","IT",10.2807553,44.6592789
"Tap Room Brewing Company","",NA,NA
"Hogtown Brewers","Toronto, ON, CA",-79.3831843,43.653226
"Naukabout","",NA,NA
"Power House Brewing Co.","Columbus, IN, US",-85.9213796,39.2014404
"Prague Beer Museum Pub","",14.4378005,50.0755381
"Quaffing Gravy","",NA,NA
"Velkopopovicky","",NA,NA
"Andwell Brewing Co","",NA,NA
"Überbräu","",NA,NA
"Wymehcko","",NA,NA
"Himalayan Brewery Limited","",NA,NA
"Peelander bieren","Kamperland, Zeeland, NL",3.7022927,51.5706508
"Finger Lakes Beer Company","",NA,NA
"The Old Fart Brewing Co","",NA,NA
"Cervecerias Baru Panama","",-79.5318911,9.0044188
"Sabeco","Ho Chi Minh City, Ho Chi Minh City, VN",106.6296638,10.8230989
"Two Fingers Brewing Co.","",NA,NA
"Fjellbryggeriet","",NA,NA
"Kilkenny Brewing Company","",-7.2447879,52.6541454
"Colorado Plus","",-103.3846315,20.5129199
"Privatbrauerei Wittingen","Wittingen, Niedersachsen, DE",10.7334362,52.727049
"Justice Brewing","Everett, WA, US",-122.2020794,47.9789848
"Waterloo Brewery Mont-St-Jean","",-80.5204096,43.4642578
"Camerons Brewery","",NA,NA
"Groundswell Brewing Company","",NA,NA
"Bryggeriet S.C. Fuglsang","",NA,NA
"Brasserie de la Lesse","Han-sur-Lesse, Namur, BE",5.18756,50.12543
"Chaucer's Cellars","",-96.7796566,33.1375236
"Redpoint Brewing Company","",NA,NA
"Pearl River","",NA,NA
"Four Mile Brewing Company","",NA,NA
"BOMBrewery","Bree, Limburg, BE",NA,NA
"Black Box Brewing","Westlake, OH, US",NA,NA
"Beanery Brewing","",NA,NA
"Islands Bar & Grill","",NA,NA
"Clown Shoes/3 Heads","",NA,NA
"Carillon Brewing Company","",NA,NA
"Collaboration: Coronado/Maui","",NA,NA
"Gulating Bryggeri","",NA,NA
"Abbaye Mont des Cats","Poperinge, Flemish Region, BE",NA,NA
"Little Apple Brewing Company","Manhattan, KS, US",NA,NA
"Firestone Walker / Mikkeller","",NA,NA
"KEO","",NA,NA
"Cumberland Brewery","Louisville, KY, US",NA,NA
"Props Craft Brewery","Fort Walton Beach, FL, US",NA,NA
"Dubbelbock 2014","",NA,NA
"Global Brands Ltd.","",NA,NA
"Black Duck Brewery","Kew, NSW, AU",NA,NA
"Broken Bow","",NA,NA
"Old Tomorrow Brewing","",NA,NA
"Dunscar Bridge","Bolton, Bolton, GB",NA,NA
"Imperial Premium Beer LTDA","",NA,NA
"Parkbrauerei","",NA,NA
"Cosmic Ales","Corona, CA, US",NA,NA
"McGargles","",NA,NA
"Sternla Bier GmbH","",NA,NA
"El Sabor De Nuestra Alegria","",NA,NA
"Cervezeria","",NA,NA
"Queens Brewery","",NA,NA
"Finkbräu","",NA,NA
"Park & Bellheimer","Bellheim,                   DE",NA,NA
"Whitstable Brewery","",NA,NA
"Brouwerij Montaigu","Flemish Region, BE",NA,NA
"Maxim Brewery","",NA,NA
"Sick N Twisted Brewing","",NA,NA
"New Englander","",NA,NA
"Pints Brewery & Sports Bar (Colorado Belle Hotel & Casino)","Laughlin, NV, US",NA,NA
"Augusta Brewing Company","Augusta, MO, US",NA,NA
"Überbräu","",NA,NA
"Public Works Ale","Baltimore, MD, US",NA,NA
"Buffalo","",NA,NA
"Inbev","",NA,NA
"WJ King","Horsham, West Sussex, GB",NA,NA
"Ayr Brewing Company","Ayrshire, IA, US",NA,NA
"Meinklang","",NA,NA
"Brouwerij Broeder Jacob","Wezemaal, Vlaams-Brabant, BE",NA,NA
"Spendrups","",NA,NA
"Browar Cornelius","",NA,NA
"Cornel's Brewing","",NA,NA
"Birdland Brewing Company","",NA,NA
"Kankiku Meijyo Co.","",NA,NA
"Next Door Brewing Company","",NA,NA
"Brakspear Brewing Company","Witney, Oxfordshire, GB",NA,NA
"Hopothesis Beer Company","Chicago, IL, US",NA,NA
"Dent Brewery","",NA,NA
"De Gouden Boom","",NA,NA
"Where Mischief Flows","",NA,NA
"Hermit Thrush Brewery","",NA,NA
"Prazsky Most","",NA,NA
"Bierwerk","",NA,NA
"Ölgerðin Egill Skallagrímsson","",NA,NA
"Houston","Abbotsinch, Renfrewshire, GB",NA,NA
"Coalition Brewing Co.","Portland, OR, US",NA,NA
"Hunter's Brewery","",NA,NA
"Compañia Cervecera de Canarias (SABMiller)","",NA,NA
"The Great New London Brewing Company","New London, CT, US",NA,NA
"Lexington Brewing Company","",NA,NA
"Boylan Bridge Brewpub","Raleigh, NC, US",NA,NA
"Forbidden Root","",NA,NA
"McKenzie Brew House","Glen Mills, PA, US",NA,NA
"Wild Weather Ales","",NA,NA
"Brauerei Falken","Schaffhausen, Schaffhausen, CH",NA,NA
"Fire Mountain Brew House","Carlton, OR, US",NA,NA
"Salty Dog","",NA,NA
"Castlemaine Perkins Brewery (Lion Nathan)","",NA,NA
"Privatbrauerei Frankenheim","Düsseldorf,                   DE",NA,NA
"Kinshi Masamune","",NA,NA
"St. Erhard","",NA,NA
"Dom-Brauerei","Köln, Nordrhein-Westfalen, DE",NA,NA
"Barney's Beer","Falkirk, Stirlingshire, GB",NA,NA
"Ateck Pivovar","",NA,NA
"Kokopelli Beer Company","",NA,NA
"Hard Pressed Cider","",NA,NA
"Hogan's Cider","",NA,NA
"De Hopjutters","Antwerpen, Antwerpen, BE",NA,NA
"Old Chicago Exclusive","",NA,NA
"Chad Beer","",NA,NA
"Moxies Proprietary Brewery","",NA,NA
"Fairport Brewing Company","Fairport, NY, US",NA,NA
"Schussenrieder Erlebnisbrauerei","Bad Schussenried, Baden-Württemberg, DE",NA,NA
"Therezópolis Or Blanc","",NA,NA
"Lake Chelan Winery","",NA,NA
"Rapscallion","Sturbridge, MA, US",NA,NA
"Doylestown Brewing Co.","Doylestown, PA, US",NA,NA
"Co-operative Group","",NA,NA
"Paradiso 37","",NA,NA
"Collab: Omnopollo/Siren/Mike Bates","",NA,NA
"Big Hurt Brewery","Monterey, CA, US",NA,NA
"Dark Horse Brewing Company","",NA,NA
"La Compagnie de Bière Brisset","",NA,NA
"St Pete Brewery","St Petersburg, FL, US",NA,NA
"Kamakura Beer Brew Co.","鎌倉市, 神奈川県, JP",NA,NA
"Ölvisholt Brugghús","",NA,NA
"Crafted Artisan Meadery","Mogadore, OH, US",NA,NA
"Pensacola Bay Brewery","Pensacola, FL, US",NA,NA
"Pivovar Rohozec","CZ",NA,NA
"Peter B's Brewpub","Monterey, CA, US",NA,NA
"Backyard Brew","",NA,NA
"Monkey Monk","",NA,NA
"Taiwan Beer","",NA,NA
"Kompania Piwowarska","",NA,NA
"Ale-Mania","",NA,NA
"Kizakura Co.","京都市, 京都府, JP",NA,NA
"Yonkers Brewing Co.","",NA,NA
"Hilldevils","",NA,NA
"Soproni Sörgyár","",NA,NA
"Estrella Galicia","",NA,NA
"Vereinigte Kärntner Brauereien","Villach, Kärnten, AT",NA,NA
"Cavaletta Wines Hb","",NA,NA
"Double Barrel Brewery","Cincinnati, OH, US",NA,NA
"To Øl","",NA,NA
"Jamesport Brewing Co.","Ludington, MI, US",NA,NA
"Proeflokaal Het Achterom","",NA,NA
"Dockyard Brewing Company","BM",NA,NA
"Zonderik","Hasselt, Limburg, BE",NA,NA
"The Monarchy","",NA,NA
"Southwark Brewing Company","",NA,NA
"Atlas Brewing Company","Chicago, IL, US",NA,NA
"Royal Oak Brewery","Royal Oak, MI, US",NA,NA
"Radbrew","",NA,NA
"Cerveceria Centro Americana","Guatemala, Guatemala, GT",NA,NA
"Blindmans Brewery","",NA,NA
"Lucky Hand Brewing Company","",NA,NA
"Schoppe Bräu","Berlin, Berlin, DE",NA,NA
"Harlem Brewing Company","",NA,NA
"Hugel","Kortrijk, West-Vlaanderen, BE",NA,NA
"De Kassei","",NA,NA
"Dorset Brewing Company","",NA,NA
"Trailhead Brewing Co.","St Charles, MO, US",NA,NA
"Birra Magalotti","",NA,NA
"Lithia Beer Co.","West Bend, WI, US",NA,NA
"PLB Group Ltd","",NA,NA
"Tri City Brewing","Bay City, MI, US",NA,NA
"Cerveceria Chile S.A. (InBev)","",NA,NA
"Brouwerij Het Alternatief","Izegem, West-Vlaanderen, BE",NA,NA
"Brauerei Fohrenburg","AT",NA,NA
"Great Beer Company","Chatsworth, CA, US",NA,NA
"Pivovar Herold","",NA,NA
"Yellowstone Valley Brewing","Billings, MT, US",NA,NA
"Kjd Brewing Company","",NA,NA
"Josephs Brau Brewing Co.","",NA,NA
"Springfield Brewing Company","Springfield, MO, US",NA,NA
"Shepherd Neame / Sigtuna Brygghus","",NA,NA
"Cairngorm Brewery Co.","Aviemore, Inverness-Shire, GB",NA,NA
"Schnebly Brewery","Homestead, FL, US",NA,NA
"Ninkasi Fabriques","Lyon, Rhône-Alpes, FR",NA,NA
"Bière du Boxer","Yverdon-Les-Bains,                   CH",NA,NA
"Pumphouse Bar","",NA,NA
"Premium Beers From Spain","",NA,NA
"Flack Manor","Hampshire, GB",NA,NA
"Abbey Brewing Co.","Miami Beach, FL, US",NA,NA
"Cerveceria Nacional Dominicana","",NA,NA
"Westfield River Brewing Company","Westfield, MA, US",NA,NA
"Bush Pilot Brewing Company","",NA,NA
"Tap Room No. 21","",NA,NA
"Brasserie Sainte Hélène","BE",NA,NA
"Stockade","",NA,NA
"Apatinska Pivara A.D.","",NA,NA
"Fritz Cervejaria Artesanal","Monte Verde, MG, BR",NA,NA
"Roger's Beer Company","",NA,NA
"Hydes","Manchester Piccadilly Station, Greater Manchester, GB",NA,NA
"Terenpeli","",NA,NA
"Collaboration: Brasserie Du Pays Flamand / Nøgne Ø","",NA,NA
"Morrisons Brewery","",NA,NA
"Happy Hour","",NA,NA
"Sarasota Brewing Company","Sarasota, FL, US",NA,NA
"Brew Wërks Brewing (Oregon)","Bend, OR, US",NA,NA
"Drakkar Brewery","",NA,NA
"Raffo","Taranto, TA, IT",NA,NA
"Kigen","",NA,NA
"Brouwerij West","Rancho Palos Verdes, CA, US",NA,NA
"Cervejaria Burgman","Sorocaba, SP, BR",NA,NA
"Brouwerij Eutropius","Kortrijk, West-Vlaanderen, BE",NA,NA
"Whitbread Beer Company","",NA,NA
"Broadway Pub","Shawinigan, Qc, CA",NA,NA
"Brasserie de la Pigeonelle","",NA,NA
"R&B Brewing Co.","Vancouver, BC, CA",NA,NA
"The Brewery at Lake Tahoe","South Lake Tahoe, CA, US",NA,NA
"Minocqua Brewing Company","Minocqua, WI, US",NA,NA
"Den Domus Herberg Huisbrouwerij","Leuven, Vlaams-Brabant, BE",NA,NA
"Nevin's Brewing Company","Plainfield, IL, US",NA,NA
"Königsbacher Brauerei","Koblenz, Rheinland-Pfalz, DE",NA,NA
"Fantasy Brewmasters","Naples, FL, US",NA,NA
"Rekupek","",NA,NA
"Cervejaria Röter Brauhof","",NA,NA
"Hopmonk","Sebastopol, CA, US",NA,NA
"Volfas Engelman","",NA,NA
"Orange Blossom Pilsner LLC","Orlando, FL, US",NA,NA
"West End Brewery (Lion Nathan)","",NA,NA
"Fosters Group Pacific (CUB)","",NA,NA
"Žatecky Pivovar","",NA,NA
"Oslo Mikrobryggeri","Oslo, Oslo, NO",NA,NA
"Brasserie Oldarki","Saint-Jean-de-Luz, Aquitaine, FR",NA,NA
"CEAUX","",NA,NA
"Booze Brothers","",NA,NA
"Firebrand Brewing Co","",NA,NA
"Dead Frog Brewery","CA",NA,NA
"Triangle Brewing Company","Durham, NC, US",NA,NA
"Westerbottens Bryggeri","",NA,NA
"Railyard Brewing Company","Montgomery, AL, US",NA,NA
"Claro!","",NA,NA
"Stavanger Brygghus","",NA,NA
"Bayura Cerveza Artesano & Cerveza Vier","",NA,NA
"Put-In-Bay Brewing Co.","Put in Bay, OH, US",NA,NA
"Convenção São Paulo","",NA,NA
"Lodewijk's' (Caledonian Heineken UK)","",NA,NA
"Top Shelf Brewing Company","",NA,NA
"El Toro Brewing Company","Morgan Hill, CA, US",-121.6543901,37.1305012
"Bohemia Especial (Dominican Republic)","",NA,NA
"Crazy Mountain Brewing Company","Edwards, CO, US",-106.5942,39.644986
"Smoky Mountain Brewery","Knoxville, TN, US",-83.9207392,35.9606384
"Cervecería Boliviana Nacional (ABInBev)","La Paz, La Paz, BO",-68.1192936,-16.489689
"Modernist Brewery","",66.9845643,30.1890583
"International Beer Breweries Ltd. (CBC Group)","Ashkelon,                   IL",34.5742523,31.6687885
"Båstad Öl AB","",12.8477217,56.4273888
"Rosarda","",NA,NA
"Sample Brew","",-98.470244,29.4102103
"Felsgold","",NA,NA
"Veholt Bryggeri","",NA,NA
"Centennial Beer Co","",NA,NA
"Slumpelukko","",NA,NA
"Kentucky Petes Apple Cider","",NA,NA
"Wickwar Brewery","Gloucester, Glos, GB",NA,NA
"Dampegheest","Limmen, Noord-Holland, NL",NA,NA
"Brasserie Val de Sambre","Gozée, Hainaut, BE",NA,NA
"Battledown Brewery","",NA,NA
"Niigata Beer co.Ltd.","",NA,NA
"Mission Springs Brewing Company","Mission, BC, CA",NA,NA
"Just Beer Brewing Company","Westport, MA, US",NA,NA
"Euskal Garagardoa SL","",NA,NA
"Beavertown Brewery","",NA,NA
"Clarkshaws","",NA,NA
"Stringers Ulverston","",NA,NA
"La Real del Duero","",NA,NA
"HUB","",NA,NA
"Vintage 50 Restaurant and Brew Lounge","Leesburg, VA, US",NA,NA
"Brouwerij Deca Services NV","Vleteren, Vlaams Gewest, BE",NA,NA
"Thunder Road Brewing Company","Melbourne, VIC, AU",NA,NA
"Keg Creek Brewing Company","Glenwood, IA, US",NA,NA
"Hoa Vien","",NA,NA
"Buckeye Brewing Company","Cleveland, OH, US",NA,NA
"Red Hook","",NA,NA
"Twelve Bar Brews","Woodinville, WA, US",NA,NA
"SandLot Brewery at Coors Field","Denver, CO, US",NA,NA
"cerveses dedues s.l.","",NA,NA
"Rooster's Brewing Company","Ogden, UT, US",NA,NA
"Tuppers Hop Pocket Brewing Company","",NA,NA
"Museumbrouwerij De Roos","Hilvarenbeek, Noord-Brabant, NL",NA,NA
"Fin City Brewing Co.","",NA,NA
"Lauwe","",NA,NA
"Bacchus Brewing Company","Dryden, NY, US",NA,NA
"Wyre Piddle Brewery","",NA,NA
"Mc Gargles","",NA,NA
"Rock & Run Brewery","",NA,NA
"Propeller Getränke","DE",NA,NA
"BGI Ethiopia","",NA,NA
"Automatic Brewing Co.","San Diego, CA, US",NA,NA
"De Kale Ridders","Landen, Vlaams-Brabant, BE",NA,NA
"Frey's Brewing Company","",NA,NA
"Rethymnian Brewery","GR",NA,NA
"BGI tien giang","",NA,NA
"Brasserie Almaza","",NA,NA
"Shorebilly Brewing Company","Ocean City, MD, US",NA,NA
"De Roerstok","",NA,NA
"Snipes Mountain Brewing","Sunnyside, WA, US",NA,NA
"Woodstock Inn Brewery","North Woodstock, NH, US",NA,NA
"Hilliard's Beer","Seattle, WA, US",NA,NA
"'n Toeback","",NA,NA
"SIA Cido Grupa (Royal Unibrew)","",NA,NA
"Opa Bier","Joinville, SC, BR",NA,NA
"LAB Brewing Company","Agoura Hills, CA, US",NA,NA
"Cerveceria Rio Bravo","",NA,NA
"Third Street Aleworks","Santa Rosa, CA, US",NA,NA
"Cervesa del Montseny","",NA,NA
"Cervezas Regia Toledo S.L.","",NA,NA
"Arrowhead Brewing Company","",NA,NA
"Martini-Brauerei","Kassel, Hessen, DE",NA,NA
"Mill City Brew Werks","",NA,NA
"Falls City Brewing Company","Louisville, KY, US",NA,NA
"Blue Tarp Brewing Co.","Decatur, GA, US",NA,NA
"Miyajima Beer","",NA,NA
"Navigation Brewery","",NA,NA
"Paderborner Brauerei (Warsteiner Gruppe)","Paderborn, Nordrhein-Westfalen, DE",NA,NA
"3 Beards Brewing","",NA,NA
"Ass Clown Brewing Company","Huntersville, NC, US",NA,NA
"Osgood Brewing","",NA,NA
"Cervejaria Suméria","",NA,NA
"Cerveceria Bucanero","",NA,NA
"Hakkaisan Izumi Brewery","",NA,NA
"BottleTree Beer Co","Tryon, NC, US",NA,NA
"Backyard Brewery","",NA,NA
"Abbey Beverage Company","Abiquiu, NM, US",NA,NA
"Ølve på Egge","",NA,NA
"Stadsbrouwerij De Hemel","Nijmegen, Gelderland, NL",NA,NA
"Monk's Cafe & Brewery","Stockholm,                   SE",NA,NA
"Gilded Otter","New Paltz, NY, US",NA,NA
"Stone's Original","",NA,NA
"Philadelphia Brewing Co.","Philadelphia, PA, US",NA,NA
"Blowing Rock Ale House","",NA,NA
"Bannockburn Brewing Company","",NA,NA
"Rock Wall Brewing (Genesee)","",NA,NA
"The Just Beer Project","",NA,NA
"Lvivska Pivovarnya (Carlsberg Group)","",NA,NA
"Perlenbacher Pilsener","",NA,NA
"Brasserie Ellezelloise (Brasserie des Légendes)","BE",NA,NA
"Pilsen Of Uruguay","",NA,NA
"Brutopia","Montreal, QC, CA",NA,NA
"Pig's Eye Brewing Company","Woodbury, MN, US",NA,NA
"Hauser Estate Winery","Biglerville, PA, US",NA,NA
"Zedazeni","",NA,NA
"Eugene City Brewery (Rogue Ales)","Eugene, OR, US",NA,NA
"Cerveceria Nacional Panama (Grupo Empresarial Bavaria)","",NA,NA
"Blue Blood Brewing Co.","Lincoln, AR, US",NA,NA
"Moskva-Efes","",NA,NA
"Phillips Seafood","",NA,NA
"La Barberie","Québec, QC, CA",NA,NA
"Ensenada Brewing Co","",NA,NA
"Gatz Brauhaus (Carlsberg Group)","Düsseldorf,                   DE",NA,NA
"Morita Kinsachi Brewery","",NA,NA
"Six Star Breweries","",NA,NA
"Oakleaf Brewery","",NA,NA
"Laht Neppur Brewing","Waitsburg, WA, US",NA,NA
"Henricus","",NA,NA
"Cerveceria Malteria Quilmes SAICAY (ABInBev)","Telde, Las Palmas, ES",NA,NA
"Hort Del Barret","",NA,NA
"PT Bali Hai Brewery","",NA,NA
"Ruokakesko","",NA,NA
"New Braunfels Brewing Company","New Braunfels, TX, US",NA,NA
"T Drankorgel","",NA,NA
"Bulldog Brewing Co.","Whiting, IN, US",NA,NA
"Walkabout Brewery","Medford, OR, US",NA,NA
"Euphoria","",NA,NA
"Sleeman Brewing & Malting","Guelph, Canada, CA",NA,NA
"Stony Creek Brewery","Branford, CT, US",NA,NA
"Krill ltda.","",NA,NA
"Huanghe Beer Company (Carlsberg Group)","",NA,NA
"Hockley Valley Brewing Co.","Orangeville, ON, CA",NA,NA
"Cap","",NA,NA
"Brasserie Historique de l’Abbaye du Cateau","Le Cateau-Cambresis, Nord-Pas-de-Calais, FR",NA,NA
"Independant Breweries (new Zealand)","",NA,NA
"Tiger","",NA,NA
"Elk Valley Brewing Co.","",NA,NA
"Longboard Beer Brewing Co","",NA,NA
"Taiwan Tsing Beer Co.","",NA,NA
"Monarchy Of Musselland","",NA,NA
"Bad Hair Brewing","Kapelle, Zeeland, NL",NA,NA
"Berghoff Beer (Steven's Point, WI)","",NA,NA
"World of Beer","",NA,NA
"Fort Christian Brew Pub / Virgin Islands Brewing Company","Christiansted,                   VI",NA,NA
"Cheeseburger in Paradise","",NA,NA
"Indosarnia, PT.","",NA,NA
"3rd Wave Brewing Co.","Sussex, DE, US",NA,NA
"Brouwerij Eanske","",NA,NA
"Rockyard Brewing Company","Castle Rock, CO, US",NA,NA
"Tryst","Larbert, Falkirk, GB",NA,NA
"Hudepohl-Schoenling Brewing","Cincinnati, OH, US",NA,NA
"Phnom Penh","",NA,NA
"Brauerei Diebels (ABInBev)","DE",NA,NA
"Compañia Cervecera Estrella Del Norte","",NA,NA
"Föroya Bjór","",NA,NA
"T.W. Pitchers","",NA,NA
"Greyskull Brewery","",NA,NA
"Samoa Brewery Co","",NA,NA
"Bryggeriet Jefferson","",NA,NA
"Big Al Brewing","Seattle, WA, US",NA,NA
"Walnut Brewery","Boulder, CO, US",NA,NA
"Cervezas Nacionales Ecuador (Grupo Empresarial Bavaria)","",NA,NA
"Göteborgs Nya Bryggeri","Göteborg,                   SE",NA,NA
"American Patriot Beer","Saint Louis, MO, US",NA,NA
"Panimoravintola Plevna","",NA,NA
"The Lion Brewery","Wilkes Barre, PA, US",NA,NA
"Red Hook Brewing Syndicate","",NA,NA
"Thomas Hardy Burtonwood Limited","",NA,NA
"Burgbrauerei Hessberg","DE",NA,NA
"Colorado Mountain Brewery","Colorado Springs, CO, US",NA,NA
"Bonfire Brewing","Eagle, CO, US",NA,NA
"Silver Peak Brewery","Reno, NV, US",NA,NA
"Belgian Blue Brewing Company","",NA,NA
"Crooked Moon","",NA,NA
"Phat Matt's Brewing","Redmond, OR, US",NA,NA
"Flying Brewery","",NA,NA
"Craftwerk (Bitburger Braugruppe)","",NA,NA
"Bürgerbräu Bamberg","Bamberg,                   DE",NA,NA
"Capivaryana","",NA,NA
"The Beer Factory","",NA,NA
"Collaboration: Breakside/Gigantic","Portland, OR, US",NA,NA
"Bad Water Brewing","Scottsdale, AZ, US",NA,NA
"Hop View Brewing Company","",NA,NA
"SLO Brewing Company","San Luis Obispo, CA, US",NA,NA
"Lasso","",NA,NA
"Cervejaria Goyaz","",NA,NA
"The Jeremiah Weed Distilling Company","Norwalk, CT, US",NA,NA
"Reuther","",NA,NA
"Pyynikin Käsityöläispanimo","",NA,NA
"Moriau","",NA,NA
"Lidl Suomi","",NA,NA
"Brauhaus Leikeim","Altenkunstadt,                   DE",NA,NA
"City Island Beer Company","New York, NY, US",NA,NA
"Brouwerij De Graal","Brakel, Oost-Vlaanderen, BE",NA,NA
"William Hancock","",NA,NA
"Brasserie Des Gabariers (L&L Cognac SA)","",NA,NA
"Raasted Bryghus","Randers, Østjylland, DK",NA,NA
"Remmarlöv Gårdsbryggeri","",NA,NA
"Brouwerij Contreras","Gavere,                   BE",NA,NA
"Ängö Kvartersbryggeri AB","",NA,NA
"Chicago Beer Company","Chicago, IL, US",NA,NA
"Gnarly Oak","",NA,NA
"Brasserie Kanterbräu (Carlsberg Group)","",NA,NA
"Charlis Brygghus","",NA,NA
"Six Row Brewing Co.","St. Louis, MO, US",NA,NA
"Hoppin' Frog / Amager Collaboration","",NA,NA
"Brouwerij De Arend","Antwerpen, Antwerpen, BE",NA,NA
"Old Chicago Pasta & Pizza","",NA,NA
"Shaftebury Brewing Company","",NA,NA
"Pivzavod Alivaria (Carlsberg Group)","",NA,NA
"Göteborg Independent Living","",NA,NA
"The Standeaven Brewery","",NA,NA
"Apostelbräu","DE",NA,NA
"75th Street Brewery","Kansas City, MO, US",NA,NA
"Baranof Island Brewing Company","Sitka, AK, US",NA,NA
"Make Beer","",NA,NA
"Pearl Street Grill & Brewery (New York)","Buffalo, NY, US",NA,NA
"Habeco (Hanoi Alcohol Beer and Beverage Company)","",NA,NA
"Dixie Brewing Co.","New Orleans, LA, US",NA,NA
"Bird Brain Brewing","",NA,NA
"Biermanufaktur ENGEL","DE",NA,NA
"Blackhorse Pub & Brewery","Clarksville, TN, US",NA,NA
"Iron House Brewery","AU",NA,NA
"Røros Bryggeri Og Mineralvannfabrikk","",NA,NA
"Nova Birra","",NA,NA
"Sconnie Brewing Co.","",NA,NA
"Pivovar Černá Hora","",NA,NA
"Crazy Beard","",NA,NA
"Bastone Brewery","Royal Oak, MI, US",NA,NA
"Big Horn Brewery (RAM Restaurant & Brewery / C.B. & Potts)","AU",NA,NA
"Kirin Brewery","",NA,NA
"Pluto's Moon Beer Co.","",NA,NA
"Edge Brewing Project","",NA,NA
"Brasserie Jeune Gueule","",NA,NA
"Seacrets: Jamaica, USA","",NA,NA
"Kalona Brewing Company","",NA,NA
"Itchen Valley Brewery","Alresford, Hampshire, GB",NA,NA
"Southport Brewing Company","Southport, CT, US",NA,NA
"Stumptown Brewery","Guerneville, CA, US",NA,NA
"Twin Peaks","",NA,NA
"Nelson Brewery","Chatham, Kent, GB",NA,NA
"Fur Bryghus","Fur,                   DK",NA,NA
"Roy Pitz Brewing Company","Chambersburg, PA, US",NA,NA
"Privatbrauerei Eibau","Varnsdorf,                   CZ",NA,NA
"AMBEV","",NA,NA
"Murphy Brewery","",NA,NA
"An Teallach Ale Co","Camusnagaul, Highland, GB",NA,NA
"Byaregårdens Brygghus","Varberg, Sweden, SE",NA,NA
"Rust Belt Brewing Company","Youngstown, OH, US",NA,NA
"Nimbus Brewing Company","Tucson, AZ, US",NA,NA
"Brasserie La Choulette","Neuville-sur-Escaut, Nord-Pas-de-Calais, FR",NA,NA
"Brass Cannon","Stonehouse, VA, US",NA,NA
"Brouwerij Egmond","Egmond-Binnen, NH, NL",NA,NA
"Brasserie à Vapeur","Leuze-en-Hainaut,                   BE",NA,NA
"Ängö Kvartersbryggeri","Kalmar, Kalmar, SE",NA,NA
"Oban Bay","Oban, Argyll & Bute, GB",NA,NA
"Cactus Club Cafe","Vancouver, BC, CA",NA,NA
"Uinta Brewing Co.","",NA,NA
"Zhuhai Kirin President Brewery","",NA,NA
"SABMiller Vietnam","",NA,NA
"Casa do Fritz","",NA,NA
"Sint Crispijn","",NA,NA
"Mully's Brewery","MD, US",NA,NA
"Birra Castello","IT",NA,NA
"Seven Barrel Brewery","West Lebanon, NH, US",NA,NA
"Bralirwa","",NA,NA
"Zagrebačka Pivovara","",NA,NA
"Flagstaff Brewing Company","Flagstaff, AZ, US",NA,NA
"Dreher (Heineken Italia)","",NA,NA
"Hubertus Bryggeri","",NA,NA
"Brasserie Grain D'Orge (formerly Jeanne d’Arc)","Lille, Nord-Pas-de-Calais, FR",NA,NA
"Gentse Stadsbrouwerij","Gent, Oost-Vlaanderen, BE",NA,NA
"Harar Brewery","",NA,NA
"The Whole Hop Brewery","",NA,NA
"Outliers Brewing Company","",NA,NA
"Centennial Beer Company","",NA,NA
"La Cosa Busarle","",NA,NA
"Omission Beer","Portland, OR, US",NA,NA
"L. Raison","",NA,NA
"Brasserie Artisanale Pleine Lune","Chabeuil, Rhône-Alpes, FR",NA,NA
"Arendals Bryggeri","",NA,NA
"Beck's Sports Brewery","Waterloo, IA, US",NA,NA
"Rebello Wines","Main Ridge, Victoria, AU",NA,NA
"Birrificio Angelo Poretti (Carlsberg Group)","Irapuato, GTO, MX",NA,NA
"Pivovar Litovel","",NA,NA
"Lomza Brewery","",NA,NA
"Symonds Cider Pressers","",NA,NA
"Scottish Borders Brewery","FR",NA,NA
"Arctic Fox","Dandenong, VIC, AU",NA,NA
"Brouwerij Den Toetëlèr","Bilzen, Limburg, BE",NA,NA
"Utenos Alus (Carlsberg Group)","Utena, Lithuania, LT",NA,NA
"Leufstabruk Bryggeri AB","",NA,NA
"Stateline Brewery","Stateline, NV, US",NA,NA
"Privatbrauerei Bischoff","Winnweiler, RP, DE",NA,NA
"New Buffalo Brewing Company","",NA,NA
"Harvest Moon Brewery (New Jersey)","New Brunswick, NJ, US",NA,NA
"Carlsberg-tetley Brewing","",NA,NA
"Brouwerij Smisje","BE",NA,NA
"Støckel","",NA,NA
"Guangzhou Zhujiang Brewery Group Co Ltd","",NA,NA
"Brady Conwy","",NA,NA
"Wandering Star Brewing Company","Pittsfield, MA, US",NA,NA
"Brouwerij Martens","",NA,NA
"LundaBryggeriet","",NA,NA
"H.P. Bulmer Ltd.","",NA,NA
"Eschweger Klosterbrauerei","Eschwege, HE, DE",NA,NA
"As Cervesa Artesana","",NA,NA
"Narragansett Brewing Company","",NA,NA
"Bleder","",NA,NA
"Islay Ales","Bridgend, Argyll and Bute, GB",NA,NA
"Hanseatische Getränke-Industrie","",NA,NA
"Witte Klavervier","Zwolle, Overijssel, NL",NA,NA
"Larvik Mikrobryggeri","Larvik, Vestfold, NO",NA,NA
"Naked Monkey","",NA,NA
"Platan (Protivin)","",NA,NA
"Loose-Wiles Freehouse","",NA,NA
"H Entreprise","",NA,NA
"Cycler's Brewing","Montgomery, TX, US",NA,NA
"Flöff","",NA,NA
"Two Tales","",NA,NA
"South East Asia Brewery (Carlsberg Group)","",NA,NA
"Root Sellers","",NA,NA
"Tempo Beer Industries Ltd (טמפו)","Netanya,                   IL",NA,NA
"Daleside Brewery","Harrogate, North Yorkshire, GB",NA,NA
"Bird's Brewery","Bromsgrove, Worcestershire, GB",NA,NA
"FNC S.A. (InBev)","",NA,NA
"Boston Breweries","ZA",NA,NA
"Cott Beverages Ltd.","",NA,NA
"Speciaalbierbrouwerij Oijen","Oss, Noord Brabant, NL",NA,NA
"Cerveceria Jack","",NA,NA
"Cervezas La Gardenia","",NA,NA
"Cinco De Mayo","",NA,NA
"El Gaitero","",NA,NA
"Amstein","",NA,NA
"Badlands Brewery","AU",NA,NA
"Tower Brewery","",NA,NA
"St. Francis Brewery","Milwaukee, WI, US",NA,NA
"Brasserie Distillerie du Mont Blanc (French Craft Brewers)","",NA,NA
"Ruckus Brewing","",NA,NA
"Indian River Brewing Co.","",NA,NA
"Baxbier","",NA,NA
"Heineken (Spain)","",NA,NA
"Black Wolf Brewery","",NA,NA
"Nordman","",NA,NA
"Prohibition Brewing Company","Vista, CA, US",NA,NA
"Cervejaria Rasen Bier Ltda.","Gramado, RS, BR",NA,NA
"Big Top Brewing Company","Sarasota, FL, US",NA,NA
"BEE Mead","",NA,NA
"Privatbrauerei Eichbaum","Mannheim, Baden-Württemberg, DE",NA,NA
"Riley's Brewing Co.","Madera, CA, US",NA,NA
"Tomp beer wine  spirits AB","",NA,NA
"Inglorious Brew Stars","",NA,NA
"Collaboration: BFM / Terrapin","",NA,NA
"Cool Springs Brewery","Franklin, TN, US",NA,NA
"Barossa Valley Brewing","Tanunda, SA, AU",NA,NA
"Santa Clara Valley Brewing","",NA,NA
"Pub Dog Pizza & Drafthouse","Baltimore, MD, US",NA,NA
"Keegan Ales","Kingston, NY, US",NA,NA
"Santa Cruz Ale Works","Santa Cruz, CA, US",NA,NA
"Oakland Brewing Co.","Oakland, CA, US",NA,NA
"Cooperstown Brewing Company","Milford, CT, US",NA,NA
"Mohrenbrauerei August Huber","Dornbirn, Vorarlberg, AT",NA,NA
"CAP","",NA,NA
"Prohibition Brewing Co","",NA,NA
"Brouwerij Oud Beersel","Beersel,                   BE",NA,NA
"Knops Beer Company","Edinburgh, City of Edinburgh, GB",NA,NA
"Brasserie de Cazeau","BE",NA,NA
"Aarhus Bryghus","DK",NA,NA
"Pinnacle Liquor","",NA,NA
"Shenzhen Kingway Brewery","",NA,NA
"Elephant's Head","",NA,NA
"Upham Brewery","",NA,NA
"Theresianer","Nervesa Della Battaglia, Italia, IT",NA,NA
"Bayern Bräu","DE",NA,NA
"Pin-Up Beers","",NA,NA
"Bohemian Brews","",NA,NA
"Venice Beach Beer Company","",NA,NA
"De Naeckte Brouwers","",NA,NA
"For Coop Trading A/S","",NA,NA
"H-West B.v.","",NA,NA
"Union Station Brewery (Rhode Island)","Providence, RI, US",NA,NA
"Sagra","",NA,NA
"Iso-Kallan Panimo","",NA,NA
"Pivovar Konrad Liberec","",NA,NA
"Gamla Enskede Bryggeri","",NA,NA
"Cold Boy","",NA,NA
"Molen","",NA,NA
"Market Street Brewing Co","Corning, NY, US",NA,NA
"Ol' Glory Brewing Company","",NA,NA
"Cambodia Brewery (Heineken)","",NA,NA
"Cervejaria Riograndense","",NA,NA
"InBev, Luton, Bedfordshire","",NA,NA
"De Brouwerij Van Vlaanderen","BE",NA,NA
"Little Island Brewing Company","",NA,NA
"Inland Empire Brewing Company","Riverside, CA, US",NA,NA
"Ishii Brewing Co.","Tamuning, GU, GU",NA,NA
"The Plank Road Brewery","",NA,NA
"Prohibition Brewing Company","",NA,NA
"Council Rock Brewery","Cooperstown, NY, US",NA,NA
"Mauldons","Sudbury,                   GB",NA,NA
"Røros Bryggeri Og Mineralvannfabrikk","",NA,NA
"Az. Agr. Cameli Di Cameli Cheti","",NA,NA
"Church-Key Brewing Co.","Campbellford, ON, CA",NA,NA
"Hilden Brewing Co.","Antrim, Antrim, GB",NA,NA
"Cavalry Brewing","Oxford, CT, US",NA,NA
"Zywiec Breweries PLC (Heineken)","",NA,NA
"Bierbrouwerij de Leeuw (Haacht)","Valkenburg aan de Geul, Limburg, NL",NA,NA
"Hog’s Head Brewing Company","",NA,NA
"Herrljunga Bryggeri (Gamlestaden)","",NA,NA
"Chelsea Brewing Company","New York, NY, US",NA,NA
"Demory Paris","Paris, Île-de-France, FR",NA,NA
"The Damascus Brewery","",NA,NA
"Coca-Cola","",NA,NA
"U&ME; Beer AB","Umeå, Västerbotten, SE",NA,NA
"Aldaris (Carlsberg Group)","Rīga,                   LV",NA,NA
"Société des Brasseries du Maroc (Heineken)","",NA,NA
"Rokko Craft Brewery","",NA,NA
"CKBR S.A.","",NA,NA
"Picon","",NA,NA
"Stroud Brewery","",NA,NA
"LB Ltd.","",NA,NA
"SUN InBev Russia","",NA,NA
"Carib Breweries (St. Kitts & Nevis) Ltd.","",NA,NA
"Nippon Beer Co., Ltd.","",NA,NA
"De Witte Leeuw","Wezep, Gelderland, NL",NA,NA
"Mackinaw Brewing Company","Traverse City, MI, US",NA,NA
"Whale Ale","",NA,NA
"German Brew Masters","",NA,NA
"Steinburg","",NA,NA
"Westerham Brewing Co.","Oxted, Kent, GB",NA,NA
"Peak Organic Brewing Company","Portland, ME, US",NA,NA
"Cerveses Almogàver","",NA,NA
"One World Brewing","",NA,NA
"Mr. Beer Home Brewery","",NA,NA
"Compañía Cervecera Hércules Sa De Cv","",NA,NA
"Conwy Brewery","GB",NA,NA
"Brauhaus Gusswerk","Salzburg, Salzburg, AT",NA,NA
"De Prael/Ramses","",NA,NA
"Memphis Made Brewing Co.","",NA,NA
"Argus Brewery","Chicago, IL, US",NA,NA
"Brouwerij Maximus","Utrecht, Utrecht, NL",NA,NA
"McMullen & Sons","",NA,NA
"Cervejaria Ashby","Amparo, SP, BR",NA,NA
"Big River Grille & Brewing Works","Chattanooga, TN, US",NA,NA
"Target 2000","",NA,NA
"Browar Bojanowo","",NA,NA
"Hahn Brewing Co. Pty Ltd (Lion Nathan)","",NA,NA
"La Chingonería","",NA,NA
"Unsacred Brewing","",NA,NA
"Cervejarias Cintra","",NA,NA
"Corcoran Brewing Company","Waterford, VA, US",NA,NA
"PAN","",NA,NA
"Berghoeve Brouwerij","Den Ham (ov), Netherlands, NL",NA,NA
"Brasserie De Silenrieux","Boussu-Lez-Walcourt, Hainaut, BE",NA,NA
"Half Moon Restaurant & Brewery","Kokomo, IN, US",NA,NA
"Jumbo Supermarkten","Veghel, Noord-Brabant, NL",NA,NA
"Eden Brewery St. Andrews","Balmullo, Fife, GB",NA,NA
"Hall Brewing Company","",NA,NA
"BridgePort Brewing Co.","Portland, OR, US",NA,NA
"Uganda Breweries (East African Breweries)","",NA,NA
"Bull Frog","",NA,NA
"Baja Brewing Company","",NA,NA
"Candia Road Brewing Company","Manchester, NH, US",NA,NA
"C.t.l.s. Huong","",NA,NA
"Browar Witnica","PL",NA,NA
"Desperados","",NA,NA
"Custom Drinks","",NA,NA
"Maku Brewing","",NA,NA
"Shanghai Brewery","Shanghai, Shanghai, CN",NA,NA
"Heritage Brewing Company","",NA,NA
"Monty's Brewery","GB",NA,NA
"Birra Moretti (Heineken)","Fontanafredda, PN, IT",NA,NA
"Newport Beach Brewing Company","Newport Beach, CA, US",NA,NA
"Cold Storage Craft Brewery","Tampa, FL, US",NA,NA
"Privatbrauerei D. Oechsner","Ochsenfurt, Bavaria, DE",NA,NA
"Palm Beach Brewing","",NA,NA
"Pete's Brewing Company","San Antonio, TX, US",NA,NA
"Banks & Taylor","",NA,NA
"Spider Bite Beer Company","Ronkonkoma, NY, US",NA,NA
"The Brewerie at Union Station (Pennsylvania)","Erie, PA, US",NA,NA
"Browar Lwówek Śląski","",NA,NA
"To Tårn Bryggeri AS","",NA,NA
"De Arn Rijswijk","",NA,NA
"Beer House (Estonia)","",NA,NA
"Parkbrauerei","",NA,NA
"Wow brands","",NA,NA
"McNeill's Brewery","Brattleboro, VT, US",NA,NA
"Humperdinks","Dallas, TX, US",NA,NA
"Magners (C&C Group plc)","Clonmel, Co. Tipperary, IE",NA,NA
"Pairi Daïza - Domaine De Cambron","",NA,NA
"Wermlands Brygghus","",NA,NA
"ThirstyBear Brewing Company","San Francisco, CA, US",NA,NA
"INAB - Indústria Nacional de Bebidas","",NA,NA
"Sociedade Central de Cervejas","",NA,NA
"Brewmeister Brewery","Aboyne, Scotland, GB",NA,NA
"Det Lille Bryggeri","Ringsted, Sjælland, DK",NA,NA
"Aldi VN","",NA,NA
"Euroshopper","",NA,NA
"Bullant Brewery","AU",NA,NA
"Litovel","",NA,NA
"Dupetit Natural Products","Eichenbühl, BAY, DE",NA,NA
"The Perfect Crime","",NA,NA
"Peddler Brewing Company","",NA,NA
"Scottish Courage","",NA,NA
"Huisbrouwerij Sint Canarus","Deinze,                   BE",NA,NA
"Egils","",NA,NA
"Tonka Beer Company","",NA,NA
"Amber's Brewing Co.","Edmonton, AB, CA",NA,NA
"Olde Saratoga Brewing Company","Saratoga Springs, NY, US",NA,NA
"Von Wunster","",NA,NA
"Cervecería Bavaria S.A. (SAB Miller)","Bogotá, Cundinamarca, CO",NA,NA
"Lucky Girl Brewing","",NA,NA
"Rådanäs","",NA,NA
"Genessee Brewing Company","",NA,NA
"Quaff Bros.","Cincinnati, OH, US",NA,NA
"Brouwerij 't Gaverhopke","Kortrijk, West-Vlaanderen, BE",NA,NA
"Spinnakers Gastro Brewpub","Victoria, Bc, CA",NA,NA
"Yakima Craft Brewing","Yakima, WA, US",NA,NA
"The Bucket Brewery","",NA,NA
"Poor House Brewing Company","San Diego, CA, US",NA,NA
"Carolina Brewery","Chapel Hill, NC, US",NA,NA
"Barnsley Beer Company","",NA,NA
"Buddy's Brewhouse","",NA,NA
"William Cider","",NA,NA
"Browar Okocim (Carlsberg Group)","",NA,NA
"Jacobsen","",NA,NA
"Pivovar Breznák (Heineken)","",NA,NA
"Koszalin Brewery","",NA,NA
"Harpers Brewing Company","East Lansing, MI, US",NA,NA
"Brasserie Piedboeuf (ABInBev)","Jupille-sur-Meuse, Liège, BE",NA,NA
"LoneStar Republic Brewing","",NA,NA
"Andean Brewing Company, Inc.","Blauvelt, NY, US",NA,NA
"Nora Brygghus","",NA,NA
"Bryggeri Fängelset","",NA,NA
"Burton Bridge Brewery","Hatton, Derbyshire, GB",NA,NA
"Zubr Pivovar Prerov","Přerov,                   CZ",NA,NA
"Albert Heijn","Zaandam, Noord-Holland, NL",NA,NA
"Bacardi U.S.A.","Miami, FL, US",NA,NA
"Grupo Cervezas Alhambra, SL","",NA,NA
"Dortmunder Actien-Brauerei (Radeberger Gruppe)","Dortmund, Nordrhein-Westfalen, DE",NA,NA
"Cerveceria Berber","",NA,NA
"SABMiller & China Resources Enterprises","",NA,NA
"Craftworks Taphouse","",NA,NA
"The Mills","",NA,NA
"Brick Brewing Co. (Waterloo Brewing)","Waterloo, ON, CA",NA,NA
"Bierbrouwerij De Drie Hoefijzers","Breda, Noord-Brabant, NL",NA,NA
"Brasseurs du Monde","Ste-Hyacinthe, QC, CA",NA,NA
"Pepsi Cola","",NA,NA
"Batemans","Lincolnshire, IL, US",NA,NA
"Mitchell's Brewery","Cape Town, Western Cape, ZA",NA,NA
"Maeloc","",NA,NA
"EpeBierCollectief / De Molen","",NA,NA
"Quality Brewers","",NA,NA
"Hue Brewery Ltd","Huế, Thừa Thiên-Huế, VN",NA,NA
"Schmohz Brewing Company","Grand Rapids, MI, US",NA,NA
"Green Bench Brewing","",NA,NA
"Amber","",NA,NA
"Cricketers Arms","",NA,NA
"Grayton Beer Company","Rosemary Beach, FL, US",NA,NA
"612 Brew","Minneapolis, MN, US",NA,NA
"Shock Top Brewing Co.","",NA,NA
"Brasseurs Illimités","St-Eustache, Québec, CA",NA,NA
"Geltsdale Brewery","",NA,NA
"Collaboration: Jopen / Monarchy Of Musselland","",NA,NA
"Brasserie du Lion à Plume","Arlon, Région Wallonne, BE",NA,NA
"Pivovar Nová Paka","",NA,NA
"Buzzards Bay Brewery","",NA,NA
"Karuizawa Brewery","",NA,NA
"Scuttlebutt Brewing Company","Everett, WA, US",NA,NA
"SABMiller RUS","",NA,NA
"United Breweries (India)","",NA,NA
"Holtens","",NA,NA
"Helios Distillery Co.","名護市, 沖縄県, JP",NA,NA
"cadillac ranch","",NA,NA
"Xbeeriment","",NA,NA
"Fernie Brewing Company","Fernie, BC, CA",NA,NA
"Valkyrie (formerly Viking)","Dallas, WI, US",NA,NA
"Hopping Brewsters","",NA,NA
"Brouwerij Vanuxeem","Le Bizet, Hainaut, BE",NA,NA
"Coney Island Brewing Company","",NA,NA
"Jagged Mountain","",NA,NA
"Cooldrinks S.L.U.","",NA,NA
"De Ridder (Heineken)","Maastricht, Limburg, NL",NA,NA
"Brouwerij Rodenburg","Rha, Gelderland, NL",NA,NA
"Mt. Shasta Brewing Company","Weed, CA, US",NA,NA
"San Miguel (Thailand)","",NA,NA
"Brouwerij de Natte Gijt","Weert, Limburg, NL",NA,NA
"Okanagan Spring Brewery","Vernon, BC, CA",NA,NA
"Belfast Bay Brewing Company","Belfast, ME, US",NA,NA
"Carib Brewery Limited","Thirukkovil,                   LK",NA,NA
"Blondine Microbrewery","São Paulo, SP, BR",NA,NA
"Bad Attitude Craft Beer","IT",NA,NA
"Hornsby's Pubdrafts Ltd.","Modesto, CA, US",NA,NA
"Brasserie du Pays Flamand","FR",NA,NA
"American Hard Cider Company","",NA,NA
"Kind Beers","Charlotte, NC, US",NA,NA
"Palo Alto Brewing Company","Palo Alto, CA, US",NA,NA
"G.C. Starkey Beer Company","Dundee, NY, US",NA,NA
"Joshua Tetley & Son LTD.","",NA,NA
"Two Chefs Brewing","Amsterdam, Noord-Holland, NL",NA,NA
"Brasserie Fischer","",NA,NA
"RedDot Brewhouse","Singapore, Singapore, SG",NA,NA
"Latrobe Brewing Co","Latrobe, PA, US",NA,NA
"Great Black Swamp Brewing Co","Toledo, OH, US",NA,NA
"Battered Boar Brewing Company","Oklahoma City, OK, US",NA,NA
"Tempel Brygghus","",NA,NA
"Fabbrica della Birra Tenute Collesi","IT",NA,NA
"Brouwerij De Block","BE",NA,NA
"4 Brothers Blended Beer CO","",NA,NA
"Flat Rock Brewing Company","",NA,NA
"Leech Lake Brewing Company","Walker, MN, US",NA,NA
"Pang Pang Brewery","",NA,NA
"Cricket Hill Brewing Co.","Fairfield, NJ, US",NA,NA
"Sinkiang Brewery","",NA,NA
"Rise Bryggeri","",NA,NA
"Grimbergen","",NA,NA
"Van Dieman Brewing","Western Junction, TAS, AU",NA,NA
"Cottrell Brewing Co.","Westerly, RI, US",NA,NA
"Pivovary Staropramen","Praha,                   CZ",NA,NA
"Cerverceria Cuauhtemoc Dos Equis Dos-A-Rita Lager Margarita","",NA,NA
"Regal Brau Brewing","",NA,NA
"Bellarine Brewing Co.","Bellarine Peninsula, Victoria, AU",NA,NA
"iKi beer","'s-Hertogenbosch, Noord-Brabant, NL",NA,NA
"Aldi NZ","",NA,NA
"Birra Amarcord","IT",NA,NA
"The Brew Brothers","Reno, NV, US",NA,NA
"Microbrasserie Archibald","Lac Beauport, QC, CA",NA,NA
"Brauerei Westheim","Marsberg,                   DE",NA,NA
"Estes Park Brewery","Estes Park, CO, US",NA,NA
"Brygghuset Finn","",NA,NA
"Weeping Radish Farm Brewery","Grandy, NC, US",NA,NA
"Alfa Bierbrouwerij B.V.","Nuth, LI, NL",NA,NA
"Hops Grillhouse & Brewery","Madison, GA, US",NA,NA
"Yukon Brewing","Whitehorse, YT, CA",NA,NA
"Kellys Caribbean Bar and Grill & Brewery","Key West, FL, US",NA,NA
"High Noon Saloon & Brewery","Leavenworth, KS, US",NA,NA
"Tow Yard Brewing Company","",NA,NA
"Magic Hat","",NA,NA
"Five Star Brewing Co","",NA,NA
"Steadfast Beer Company","Albany, NY, US",NA,NA
"Åre Bryggcompagni","",NA,NA
"Tin Whistle Brewing Company","Penticton, BC, CA",NA,NA
"Dreher Sörgyárak","Budapest,                   HU",NA,NA
"Keuka Brewing Company","Hammondsport, NY, US",NA,NA
"Compania Cervecerias Unidas (Heineken)","",NA,NA
"Bierbrouwerij De Arn","",NA,NA
"Kallholmens Maltbryggeri","",NA,NA
"Apeldoornse Bierbrouwerij De Vlijt","",NA,NA
"Pecatonica Beer Company","",NA,NA
"Old Worthy Brewing Co.","",NA,NA
"Kompaan Bier / Brouwerij Kompaan","Den Haag, Zuid-Holland, NL",NA,NA
"Lammin Sahti Oy","",NA,NA
"Sovina Cerveja Artesanal","",NA,NA
"Antartica","",NA,NA
"Distillerie de Biercée","Ragnies, Hainaut, BE",NA,NA
"Scotts Brewing Co","",NA,NA
"Asia Pacific Breweries","",NA,NA
"Rebels Bierbrouwerij","'s-Hertogenbosch, Noord-Brabant, NL",NA,NA
"Master Gao","",NA,NA
"Grumpy Troll Brewery, Restaurant and Pizzeria","Mount Horeb, WI, US",NA,NA
"Brewery International Sweden AB","",NA,NA
"Robinsons","Stockport,                   GB",NA,NA
"By the Horns Brewing Co.","",NA,NA
"Crescent City Brewhouse","New Orleans, LA, US",NA,NA
"Inlet Brewing Company","Jupiter, FL, US",NA,NA
"Rudy's Bar & Grill","",NA,NA
"Heineken International","",NA,NA
"Brouwerij Crombé","Zottegem, Oost-Vlaanderen, BE",NA,NA
"Beach Chalet Pub and Brewery","San Francisco, CA, US",NA,NA
"Fat Bottom Brewing","Nashville, TN, US",NA,NA
"Beverage Brands","",NA,NA
"Brouwerij van Hoegaarden (ABInBev)","Hoegaarden, Vlaams-Brabant, BE",NA,NA
"Brouwerij 't Brouwkot (Gulden Spoor)","Kortrijk, West-Vlaanderen, BE",NA,NA
"The Round Barn Winery & Brewery","Baroda, MI, US",NA,NA
"Brasserie BVM Inc. (Vieux-Montreal)","FR",NA,NA
"Brasserie Bours","",NA,NA
"The Hartford Better Beer Company","Stafford Springs, CT, US",NA,NA
"Brasserie Echappée Belle","",NA,NA
"Freeminer Brewery Ltd.","",NA,NA
"The Tap Brewing Company","Haverhill, MA, US",NA,NA
"Mora Bryggeri","",NA,NA
"The Beer Company","San Diego, CA, US",NA,NA
"Lake Placid Pub & Brewery","Lake Placid, NY, US",NA,NA
"Lehe Pruulikoda","",NA,NA
"Red Castle","",NA,NA
"Charter Oak Brewing Company","Norwalk, CT, US",NA,NA
"Brouwerij Palm","Londerzeel, Vlaams Brabant, BE",NA,NA
"Simonds Farsons Cisk plc","",NA,NA
"Onsala Hantverks Bryggeri","",NA,NA
"South County Brewing Co.","Fawn Grove, PA, US",NA,NA
"Taybeh Brewing Company","PS",NA,NA
"Turk Tuborg Brewing and Malting (Carlsberg Group)","",NA,NA
"Bricks & Barley","",NA,NA
"Sthlm Brewing Co.","Stockholm,                   SE",NA,NA
"Baltika Breweries (Carlsberg Group)","п. Бугры, Ленинградская обл., RU",NA,NA
"Pivovar Starobrno (Heineken)","Brno,                   CZ",NA,NA
"JT Schmid's Restaurant and Brewery","Tustin, CA, US",NA,NA
"Reuzenbieren","NL",NA,NA
"Rolling Rock Amber Lager","",NA,NA
"Big Texan Brewery","Amarillo, TX, US",NA,NA
"Jemtehed & Brande","",NA,NA
"Signature Brew","Westminster, London, GB",NA,NA
"Naked Brewing Company","Huntingdon Valley, PA, US",NA,NA
"Birrificio Pontino","",NA,NA
"Schlossbrauerei Irlbach","DE",NA,NA
"Half Moon Bay Brewing Company","Half Moon Bay, CA, US",NA,NA
"Cervejaria Insana","Palmas, PR, BR",NA,NA
"Fire Island Beer Company","Babylon, NY, US",NA,NA
"Faultline Brewing Company","Santa Clara, CA, US",NA,NA
"Fort Lapin Brewery","Brugge, West-Vlaanderen, BE",NA,NA
"LeVeL33","",NA,NA
"Meta Abo","",NA,NA
"Hong Kong Beer Co.","",NA,NA
"John Boston Premium Beverages","",NA,NA
"Krug Bier","",NA,NA
"Brookland (Dirk v/d Broek; Bavaria)","Sassenheim, Zuid-Holland, NL",NA,NA
"Kiviks Musteri","",NA,NA
"Dia","",NA,NA
"St.Lawrence Brewing Co.","",NA,NA
"Universal Sales, Inc.","",NA,NA
"Brouwerij Krüger (InBev)","Eeklo, Oost-Vlaanderen, BE",NA,NA
"Kallebryggeriet","",NA,NA
"Duncan Founders Brewery","",NA,NA
"Bluegrass Brewing Company","Louisville, KY, US",NA,NA
"Blue Frog Grog & Grill","Fairfield, CA, US",NA,NA
"Hanoi Beer (5.1%)","",NA,NA
"Arkell's Brewery","Stratton St Margaret, England, GB",NA,NA
"Stadin Panimo","Helsinki,                   FI",NA,NA
"Eel River Brewing Co.","Fortuna, CA, US",NA,NA
"Adirondack Brewery","Lake George, NY, US",NA,NA
"Mountain State Brewing Co.","Thomas, WV, US",NA,NA
"Två Bryggare","",NA,NA
"Padre Island Brewing Company","",NA,NA
"Casa Di Conti","",NA,NA
"Beaver Beer Company (Connecticut)","Wilson, NC, US",NA,NA
"Federbräu","",NA,NA
"Brains Craft Brewery","Cardiff, Cardiff, GB",NA,NA
"Pivovar Náchod Primátor A.S.","Náchod, Czech Republic, CZ",NA,NA
"Intercourse Brewing Company","",NA,NA
"Cotleigh Brewery Ltd.","Wiveliscombe, Somerset, GB",NA,NA
"Thai Asia Pacific Brewery (Heineken)","",NA,NA
"7Bräu","",NA,NA
"gjs sales inc","",NA,NA
"Müllerbräu Pfaffenhofen","Pfaffenhofen,                   DE",NA,NA
"Cervejaria Premium Paulista","",NA,NA
"Brasserie La Binchoise","BE",NA,NA
"Ocean City Brewing Company","",NA,NA
"Strathaven Ales","Dundee, Dundee City, GB",NA,NA
"Raccoon River Brewing","Des Moines, IA, US",NA,NA
"Metolius River Ales","",NA,NA
"Buller Brewing Company","",NA,NA
"Rooster Fish Brewing","Watkins Glen, NY, US",NA,NA
"War Horse Brewing Company","Geneva, NY, US",NA,NA
"Brouwerij de Posthoorn (United Dutch Breweries)","Breda, Noord-Brabant, NL",NA,NA
"Härtsfelder Familienbrauerei Hald","Dischingen, Baden-Württemberg, DE",NA,NA
"Keltek Brewery","",NA,NA
"Grängesbergs Bryggeri","",NA,NA
"Valdres Gardsbryggeri","Heggenes, Oppland, NO",NA,NA
"Nova Paka Brewery","",NA,NA
"Grand Canyon Brewery","Williams, AZ, US",NA,NA
"Coldstream Brewery","Coldstream, VIC, AU",NA,NA
"Shoreline Brewery","Michigan City, IN, US",NA,NA
"H.P. Bulmers","",NA,NA
"Adelsö Bryggeri","",NA,NA
"Brasserie Thiriez","FR",NA,NA
"Gray's Brewing Company","Janesville, WI, US",NA,NA
"Lion Brewery Ceylon PLC","",NA,NA
"Chopp Germania","",NA,NA
"Torquemada","",NA,NA
"Collaboration: Boulevard And Sierra Nevada","",NA,NA
"Hatherwood","",NA,NA
"FrogPubs","Paris, Île-de-France, FR",NA,NA
"Darguner Brauerei","DE",NA,NA
"Lindesnes Brygghus","",NA,NA
"Orlando Brewing","Orlando, FL, US",NA,NA
"Pacific Beach Ale House","San Diego, CA, US",NA,NA
"Bryggerigaarden","",NA,NA
"Train Station Brewery","Knivsta, Uppsala, SE",NA,NA
"Mudgee Brewing Co.","Mudgee, NSW, AU",NA,NA
"Holy Mackerel Brewing","Davie, FL, US",NA,NA
"Old Dominion Brewing Co.","Dover, DE, US",NA,NA
"Vakka-Suomen Panimo Osakeyhtiö","Uusikaupunki,                   FI",NA,NA
"Mikkeller/Anchorage Brewing Company","",NA,NA
"Natian Brewery","Portland, OR, US",NA,NA
"Boaks","",NA,NA
"Indigo Imp Brewery LTD","Cleveland, OH, US",NA,NA
"Jennings Brewery","Cockermouth, Cumbria, GB",NA,NA
"Brasserie des Cimes","Aix-les-Bains, Savoie, FR",NA,NA
"Brewpub København","København V, Hovedstaden, DK",NA,NA
"Beijing Yanjing Brewery","顺义区, 北京市, CN",NA,NA
"Out Of Bounds","",NA,NA
"Nøisom","",NA,NA
"Redd's Brewing Company","",NA,NA
"Commonwealth Ciders","Philadelphia, PA, US",NA,NA
"Sand Creek Brewing Co","Black River Falls, WI, US",NA,NA
"Hellenic Brewery of Atalanti","",NA,NA
"Liberty Street Brewing Company","Plymouth, MI, US",NA,NA
"Baraboo Brewing Co.","",NA,NA
"Brasserie Saint-Monon","Nassogne, Région Wallonne, BE",NA,NA
"Microbrouwerij Achilles","Itegem, Antwerpen, BE",NA,NA
"Brainerd Lakes Beer","",NA,NA
"Coddington Brewing Company","Middletown, RI, US",NA,NA
"Hancock  Co","",NA,NA
"Casa Cervecera Quinta Normal","",NA,NA
"Strike Brewing Co.","Los Altos, CA, US",NA,NA
"Bierbrouwerij De Halve Maan","Hulst, GC, NL",NA,NA
"Six Rivers Brewery","McKinleyville, CA, US",NA,NA
"The Rock Wood Fired Pizza & Spirits","Puyallup, WA, US",NA,NA
"Inderøy Gårdsbryggeri","Inderøy, Nord-Trøndelag, NO",NA,NA
"Northwoods Brewpub Grill","Eau Claire, WI, US",NA,NA
"Unity Vibration Living Kombucha Tea, LLC","",NA,NA
"Carneros Brewing","",NA,NA
"Lazy Dog Cafe","CA, US",NA,NA
"Independent Breweries","",NA,NA
"Coisbo","",NA,NA
"Suntory (China)","",NA,NA
"SF Brewers Guild","",NA,NA
"Kissmeyer","",NA,NA
"Burro de Sancho (Daviyun)","",NA,NA
"English Ales Brewery","Marina, CA, US",NA,NA
"Millstream Brewing","Amana, IA, US",NA,NA
"China Resources Snow Breweries Ltd (SABMiller)","Beijing, Beijing, CN",NA,NA
"Brasserie Pietra (French Craft Brewers)","Borgo, Corse, FR",NA,NA
"Moon River Brewing Company","Savannah, GA, US",NA,NA
"Henninger Bräu (Radeberger Gruppe)","Frankfurt am Main,                   DE",NA,NA
"Water Street Brewery (Wisconsin)","Milwaukee, WI, US",NA,NA
"Cambridge House Brew Pub","Granby, CT, US",NA,NA
"Brasserie de Bellevaux","BE",NA,NA
"Brouwerij De Koninck (Duvel Moortgat)","Antwerpen, Antwerpen, BE",NA,NA
"Flying Monkey Brewing","Olathe, KS, US",NA,NA
"Broughton Ales","Peebles, Peeblesshire, GB",NA,NA
"Tyris","",NA,NA
"Pacific Coast Brewing Co.","Oakland, CA, US",NA,NA
"Brouwerij Van Eecke","Poperinge, Flemish Region, BE",NA,NA
"Diesel Punk","",NA,NA
"Seidel","",NA,NA
"Indslev Bryggeri","",NA,NA
"Brauerei Nemo Namenlos","Berlin, Berlin, DE",NA,NA
"Bryggeriet Refsvindinge","Ørbæk, Syddanmark, DK",NA,NA
"Kronenbrauerei Wahl","",NA,NA
"Heist Brewery (North Carolina)","Charlotte, NC, US",NA,NA
"Tall Tales Brewing Company","Parsonsburg, MD, US",NA,NA
"Bryggeriet Skands","",NA,NA
"Hobbybrouwerij Het Nest","Turnhout, Antwerpen, BE",NA,NA
"Steamrail","",NA,NA
"Brouwerij Liefde","NL",NA,NA
"St. John Brewers","St. John, VI, VI",NA,NA
"Savanna","",NA,NA
"Davidson Brothers","Clifton, NJ, US",NA,NA
"Cervejaria Independente Vera Cruz S/A","",NA,NA
"San Miguel (Hong Kong)","",NA,NA
"Rio Grande & Sierra Blanca Brewing Company","Moriarty, NM, US",NA,NA
"Abashiri Beer","",NA,NA
"Hawai‘i Nui Brewing","Hilo, HI, US",NA,NA
"Brouwerij Pampus","",NA,NA
"Olde Main Brewing Company & Restaurant","Ames, IA, US",NA,NA
"Pladderballe Bryghus","",NA,NA
"Brouwerij Alken-Maes (Heineken)","Mechelen, Antwerpen, BE",NA,NA
"Brasserie Caracole","BE",NA,NA
"Privatbrauerei Fritz Egger","Sankt Pölten, Niederösterreich, AT",NA,NA
"Tuckahoe Brewing Co","",NA,NA
"Lindenbrauerei","Unna, NRW, DE",NA,NA
"Värmdö Bryggeri","",NA,NA
"Brasserie Des Géants (Brasserie des Légendes)","Ath, Belgium, BE",NA,NA
"Helsingborgs Bryggeri","Helsingborg,                   SE",NA,NA
"Privatbrauerei Kaiserdom","Bamberg,                   DE",NA,NA
"Ahlafors Bryggerier","",NA,NA
"Bavaria Radler Apple 2.0","",NA,NA
"Beer Valley Brewing Company","Ontario, OR, US",NA,NA
"Climax Brewing Company","Cranford, NJ, US",NA,NA
"L’Alchimiste","CA",NA,NA
"Fin City Brewing Company","Ocean City, MD, US",NA,NA
"Spanish Peaks Brewery","Bozeman, MT, US",NA,NA
"Brouwerij de Prael","Amsterdam, Noord-Holland, NL",NA,NA
"Banks's (UK)","",NA,NA
"Berghoff Beer (Minhas Craft Brewery)","Monroe, WI, US",NA,NA
"Old World Brewery","Phoenix, AZ, US",NA,NA
"Sambrook's Brewery","Battersea, Greater London, GB",NA,NA
"Companhia Brasileira de Bebidas Premium","Recife, PE, BR",NA,NA
"ColdBoy","",NA,NA
"Geneva Lake Brewing Company","Lake Geneva, WI, US",NA,NA
"Brasserie Artisanale Millevertus","Giffers, Schweiz, CH",NA,NA
"Pizza Beer Company","Saint Charles, IL, US",NA,NA
"Brouwerij Girardin","Groot-Bijgaarden, Vlaams-Brabant, BE",NA,NA
"Les 3 Brasseurs (The 3 Brewers)","Lille, Nord-Pas-de-Calais, FR",NA,NA
"Unión de Cervecerías Peruanas Backus y Johnston S.A.A.","",NA,NA
"Brasserie Lancelot","La Chappelle-Caro,                   FR",NA,NA
"Dempsey's Brew Pub and Restaurant (Maryland)","Baltimore, MD, US",NA,NA
"Sagres","",NA,NA
"Brygghus 19","37435, Karlshamn, SE",NA,NA
"Brasserie Météor (French Craft Brewers)","",NA,NA
"Blue Hills Brewery","Stoughton, MA, US",NA,NA
"Harbin Brewing (ABInBev)","",NA,NA
"Brasserie Lefebvre","Rebecq, Walloon Region, BE",NA,NA
"Amstel Brouwerij (Heineken)","Zoeterwoude, Zuid-Holland, NL",NA,NA
"Fish Tale Ales","",NA,NA
"Hermitage Brewing Co.","San Jose, CA, US",NA,NA
"Brouwerij Breugem","",NA,NA
"Matilda Bay Brewing Company (CUB)","Melbourne, VIC, AU",NA,NA
"Gourmetbryggeriet","",NA,NA
"Chicago Brewing Company","Las Vegas, NV, US",NA,NA
"Tap Room Brewing Company","",NA,NA
"Sea Dog Brewing Company","Portland, ME, US",NA,NA
"Grand Ridge Brewery","Mirboo North, VIC, AU",NA,NA
"Brouwerij Anders!","BE",NA,NA
"Southern Pacific Brewing","San Francisco, CA, US",NA,NA
"Cervecera Artesana Fundada En 2012 S.L.","",NA,NA
"Portland Brewing","Portland, OR, US",NA,NA
"Fort Bend Brewing Company","Missouri City, TX, US",NA,NA
"Great Crescent Brewery","Aurora, IN, US",NA,NA
"Brasserie de Saint-Omer","FR",NA,NA
"Trout River Brewing Company","Lyndonville, VT, US",NA,NA
"Sundbybergs Köksbryggeri","",NA,NA
"Lancaster Brewing Company","Lancaster, PA, US",NA,NA
"Grand Lake Brewing Company","Grand Lake, CO, US",NA,NA
"Brasserie Duyck (French Craft Brewers)","Jenlain, Nord-Pas-de-Calais, FR",NA,NA
"Banner Beer Company","Williamsburg, MA, US",NA,NA
"Figure Eight Brewing","Valparaiso, IN, US",NA,NA
"Solsidans bryggeri AB","",NA,NA
"Borås Bryggeri","",NA,NA
"Ørbæk Bryggeri","DK",NA,NA
"Moosejaw Pizza & Dells Brewing Company","Wisconsin Dells, WI, US",NA,NA
"Brasserie Castelain (French Craft Brewers)","Wingles, Nord-Pas-de-Calais, FR",NA,NA
"Fire Station 5","Portland, OR, US",NA,NA
"Nya Carnegie Bryggeriet","",NA,NA
"Brasserie Caulier","Ghislenghien, Hainaut, BE",NA,NA
"Santa Barbara Brewing Company","Santa Barbara, CA, US",NA,NA
"Oceanside Ale Works","Oceanside, CA, US",NA,NA
"St. Peter’s Brewery Co.","GB",NA,NA
"Atwater Brewery","Detroit, MI, US",NA,NA
"Green's","",NA,NA
"Butcher's Brewing","San Diego, CA, US",NA,NA
"Cervejaria Amazônia","Belém, PA, BR",NA,NA
"Casco Bay Brewing","Portland, ME, US",NA,NA
"Tsingtao Brewery","Qingdao, Shandong, CN",NA,NA
"Lovina Beach Brewery","",NA,NA
"Triple Voodoo Brewing","San Francisco, CA, US",NA,NA
"Pivovarský Dům","Praha,                   CZ",NA,NA
"Brasserie d'Ecaussinnes","Ecaussinnes, Hainaut, BE",NA,NA
"Lindheim Ølkompani","",NA,NA
"Brabante Cervezas","",NA,NA
"De 7de Hemel","Sevenum, Nederland, NL",NA,NA
"Australian Beer Co.","",NA,NA
"Kenya Breweries (East African Breweries)","",NA,NA
"Opa-Opa Steakhouse and Brewery","Southampton, MA, US",NA,NA
"Granite City Food & Brewery","St Louis Park, MN, US",NA,NA
"Borsodi Sörgyár (StarBev)","",NA,NA
"Bricktown Brewery","Oklahoma City, OK, US",NA,NA
"Brouwerij Boelens","Sint-Niklaas, Oost-Vlaanderen, BE",NA,NA
"Schubros Brewery","San Ramon, CA, US",NA,NA
"Ruosniemen Panimo","",NA,NA
"Hoppy Brewing Company","Sacramento, CA, US",NA,NA
"Oggi's Pizza & Brewing Co.","San Diego, CA, US",NA,NA
"FireHouse Grill & Brewery (Sunnyvale & Palo Alto, CA)","Sunnyvale, CA, US",NA,NA
"Worthington's (Molson Coors UK)","Burton upon Trent, Staffordshire, GB",NA,NA
"DB Breweries","Papatoetoe, Auckland, NZ",NA,NA
"Manayunk Brewing Company","Philadelphia, PA, US",NA,NA
"Suntory","大阪市北区, 大阪府, JP",NA,NA
"Anadolu Efes","İstanbul, Türkiye, TR",NA,NA
"Nausta","",NA,NA
"Gaymer Cider Company (C&C Group plc)","Dublin,                   IE",NA,NA
"Shipyard Brewing Company","Portland, ME, US",NA,NA
"Okoboji Brewing Company","Arnolds Park, IA, US",NA,NA
"Boone Brewing Company","Boone, NC, US",NA,NA
"Cismontane Brewing Co.","Rancho Santa Margarita, CA, US",NA,NA
"Texas Big Beer Brewery","",NA,NA
"Midtfyns Bryghus","Brobyværk, Fyn, DK",NA,NA
"Dick's Brewing Company","Centralia, WA, US",NA,NA
"Kullabrygg","",NA,NA
"Antares Argentina","",NA,NA
"San Miguel (Spain)","",NA,NA
"Feldschlösschen (Carlsberg Group)","Rheinfelden, AG, CH",NA,NA
"Aztec Brewery","Vista, CA, US",NA,NA
"Birra Forst","Merano, BZ, IT",NA,NA
"Bent Brewstillery","",NA,NA
"Crafty Beggars (Lion)","",NA,NA
"Blitz-Weinhard Brewing Co.","Hood River, OR, US",NA,NA
"Brouwerij Hommeles (vh. Houtens Brouw Collectief)","Houten, Utrecht, NL",NA,NA
"Hillcrest Brewing Company","San Diego, CA, US",NA,NA
"Boxcar Brewery","West Chester, PA, US",NA,NA
"Dalarado Brewery","",NA,NA
"Viking Ölgerd","Akureyri,                   IS",NA,NA
"Electric Nurse","",NA,NA
"Black Creek Historic Brewery","Toronto, ON, CA",NA,NA
"Naale","",NA,NA
"Seven Brides Brewing","Silverton, OR, US",NA,NA
"Gage Roads Brewing Co Limited","Melville, WA, AU",NA,NA
"Asda","",NA,NA
"Bryggeriet Vestfyen","DK",NA,NA
"La Zaragozana","Zaragoza, Zaragoza, ES",NA,NA
"InBev UK","",NA,NA
"Tuborg","",NA,NA
"Asia Pacific Breweries (Singapore)","",NA,NA
"Brouwerij Bavik","Kortrijk, West-Vlaanderen, BE",NA,NA
"Frankenthaler Brauhaus","Frankenthal,                   DE",NA,NA
"Rise Bryggeri Ærø","",NA,NA
"Gravity Brewing sal","",NA,NA
"H-West B.V. (Bavaria)","Utrecht, Utrecht, NL",NA,NA
"Diamond Bear Brewing Co.","Little Rock, AR, US",NA,NA
"Thai Beverage","",NA,NA
"Lexington Avenue Brewery","Asheville, NC, US",NA,NA
"Matso's Broome Brewery","Broome, WA, AU",NA,NA
"Triple 7 Brewpub at Main Street Station","Las Vegas, NV, US",NA,NA
"Albani Bryggerierne","",NA,NA
"Mahou S.A.","Alovera, Guadalajara, ES",NA,NA
"Tommyknocker Brewery","Idaho Springs, CO, US",NA,NA
"Bison Brewing Co.","Berkeley, CA, US",NA,NA
"Uncommon Brewers","Santa Cruz, CA, US",NA,NA
"Waterfront Brewing Co.","",NA,NA
"Taiwan Tobacco & Liquor Corporation","",NA,NA
"Rumspringa Brewing Co.","Bird-in-Hand, PA, US",NA,NA
"Tun Tavern","Atlantic City, NJ, US",NA,NA
"Tetley's  (Carlsberg Group)","Leeds, West Yorkshire, GB",NA,NA
"PT Delta Djakarta (San Miguel)","",NA,NA
"Malmö Brygghus","Malmö,                   SE",NA,NA
"Jönköpings Bryggeri AB","",NA,NA
"Sunny Republic Brewing","Spetisbury,                   GB",NA,NA
"Butte Creek Brewing","Ukiah, CA, US",NA,NA
"Mac's Brewery (Lion Nathan)","Wellington, New Zealand, NZ",NA,NA
"Carlsberg Brewery Malaysia Berhad (Carlsberg Group)","",NA,NA
"Epic Ales (Washington)","Seattle, WA, US",NA,NA
"Klein Bier","Campo Largo, PR, BR",NA,NA
"Bryggeri Helsinki","",NA,NA
"Shipwrecked Brew Pub","Egg Harbor, WI, US",NA,NA
"Cathedral Square Brewery","Saint Louis, MO, US",NA,NA
"Tui Breweries Ltd. (DB Breweries)","Mangatainoka, Manawatu-Wanganui, NZ",NA,NA
"Barlingbo Bryggeri","",NA,NA
"Chameleon Brewing","Glendale, WI, US",NA,NA
"Feldschlößchen","DE",NA,NA
"Panimo Hiisi","Jyväskylä,                   FI",NA,NA
"Jämtlands Bryggeri","SE",NA,NA
"Roscoe's Hop House","",NA,NA
"Cambrew (Carlsberg Group)","",NA,NA
"Sin City Brewing Co","Las Vegas, NV, US",NA,NA
"Siamsato","",NA,NA
"Gulating Mikrobryggeri","",NA,NA
"Pangaea Beer Company","Wisconsin Rapids, WI, US",NA,NA
"Minhas Micro Brewery","Calgary, AB, CA",NA,NA
"Störtebeker Braumanufaktur","Stralsund,                   DE",NA,NA
"Old Orange Brewing Co.","Anaheim, CA, US",NA,NA
"Cervejaria Bohemia","",NA,NA
"Foster's Group Limited","",NA,NA
"Brasseries Kronenbourg (Carlsberg Group)","Obernai, Alsace, FR",NA,NA
"Forrest Brewing Company","Forrest, VIC, AU",NA,NA
"Wentworth Brewery Limited","Sheffield, South Yorks., GB",NA,NA
"Double Take Brewing Co","",NA,NA
"Gotlands Bryggeri","Visby, Gotland, SE",NA,NA
"D.L. Geary Brewing Company","Portland, ME, US",NA,NA
"Laughing Dog Brewing","Ponderay, ID, US",NA,NA
"Jessenhofke","Hasselt, Limburg, BE",NA,NA
"Big Bay Brewing Company","Shorewood, WI, US",NA,NA
"The Phoenix Ale Brewery","Phoenix, AZ, US",NA,NA
"Grolsch Bierbrouwerij N.V.","Enschede, Overijssel, NL",NA,NA
"Folkared 15","",NA,NA
"Lindeboom","Roermond, Limburg, NL",NA,NA
"Brouwerij De 7 Deugden","Amsterdam, Noord-Holland, NL",NA,NA
"Ølfabrikken","Roskilde, Sjælland, DK",NA,NA
"Fiddler","Den Haag, Zuid-Holland, NL",NA,NA
"Oceanbryggeriet","Göteborg, Västra Götaland, SE",NA,NA
"Santa Cruz Mountain Brewing","Santa Cruz, CA, US",NA,NA
"Carrefour, SA","",NA,NA
"Cold Spring Brewery","Cold Spring, MN, US",NA,NA
"Storm Brewing Co","",NA,NA
"Rock Art Brewery","Morrisville, VT, US",NA,NA
"Zima","",NA,NA
"Wiibroe Bryggeri (Carlsberg Group)","København V, Hovedstaden, DK",NA,NA
"Brouwerij Van Den Bossche","Sint-lievens-esse, Vlaams Gewest, BE",NA,NA
"Wild Wolf Brewing Company","Nellysford, VA, US",NA,NA
"Cellar Rats Brewery","Madison, OH, US",NA,NA
"Designbrew","",NA,NA
"Motala Brygghus","",NA,NA
"RJ King Wingwalker Brewing Company","",NA,NA
"Les Brasseurs du Nord","Blainville, QC, CA",NA,NA
"Coppersmith's Brewery","",NA,NA
"Shebeen Brewing","Waterbury, CT, US",NA,NA
"Damm S.A","Barcelona, Barcelona, ES",NA,NA
"Nääs Gårdsbryggeri","",NA,NA
"Hansa Bryggeri","",NA,NA
"Tesco Stores Ltd.","",NA,NA
"Nokian Panimo","Nokia,                   FI",NA,NA
"Zeunerts","",NA,NA
"Brouwerij De Leite","BE",NA,NA
"Huisbrouwerij Klein Duimpje","Hillegom, Zuid-Holland, NL",NA,NA
"Karlsberg Brauerei","Homburg, Saarland, DE",NA,NA
"Gulpener Bierbrouwerij","Gulpen, Limburg, NL",NA,NA
"Picobrouwerij Alvinne","Moen, West-Vlaanderen, BE",NA,NA
"Aass Bryggeri","Drammen, Buskerud, NO",NA,NA
"Mauritius Brauerei","Zwickau, Sachsen, DE",NA,NA
"Heineken Espana","",NA,NA
"Sint Juttemis","",NA,NA
"Blue Dog Mead","Eugene, OR, US",NA,NA
"Wells & Young’s Brewing Co","Bedford, Bedfordshire, GB",NA,NA
"Three Towns","",NA,NA
"Unicer Bebidas (Carlsberg Group)","Santarém, Santarém, PT",NA,NA
"Cerveceria de Baja California (Cucapa Brewing Co.)","Mexicali, BC, MX",NA,NA
"Brouwerij Roman","Horebeke,                   BE",NA,NA
"Brasserie de Bretagne (French Craft Brewers)","Concarneau,                   FR",NA,NA
"Vesterbro Bryghus","",NA,NA
"Stronzo Brewing","København V, Hovedstaden, DK",NA,NA
"Butternuts Beer & Ale","Garrattsville, NY, US",NA,NA
"Ohio Brewing Company","Akron, OH, US",NA,NA
"Sail and Anchor","",NA,NA
"Oriental Brewery (InBev)","서울특별시,                   KR",NA,NA
"Fish Brewing Company","Olympia, WA, US",NA,NA
"Wychwood Brewery","Witney, Oxfordshire, GB",NA,NA
"Svaneke Bryghus","Svaneke, Bornholm, DK",NA,NA
"Starr Hill Brewing Company","Crozet, VA, US",NA,NA
"Weston Brewing Company & O'Malley's Pub","Weston, MO, US",NA,NA
"Florida Beer Company","Melbourne, FL, US",NA,NA
"Molson Coors (UK)","",NA,NA
"'t Hofbrouwerijke","Beerzel, Antwerpen, BE",NA,NA
"Little Valley Brewery","Hebden Bridge, West Yorkshire, GB",NA,NA
"Brasserie Champigneulles","",NA,NA
"Bierbrouwerij De Eem","Amersfoort, Utrecht, NL",NA,NA
"Berentsens Brygghus","Egersund, Rogaland, NO",NA,NA
"Brouwerij Het Sas / Leroy","Ieper, West-Vlaanderen, BE",NA,NA
"Bryggeri Skovlyst","Værløse, Hovedstaden, DK",NA,NA
"Bowen Island Brewing","Vancouver, BC, CA",NA,NA
"Twisted Pine Brewing Company","Boulder, CO, US",NA,NA
"Heineken Switzerland","Luzern, LU, CH",NA,NA
"Fort Collins Brewery","Fort Collins, CO, US",NA,NA
"Ballistic Brewing Co","",NA,NA
"Brouwerij Lindemans","Vlezenbeek,                   BE",NA,NA
"Backyard Brewery In Falkenberg","",NA,NA
"Dia De Los Muertos","",NA,NA
"IKEA","",NA,NA
"Panimo & Tislaamo Teerenpeli","",NA,NA
"Wadworth Co.","Devizes, Wiltshire, GB",NA,NA
"Brewerkz","Singapore,                   SG",NA,NA
"Brouwerij de Bie","Waregem, West-Vlaanderen, BE",NA,NA
"Kennebunkport Brewing Co.","Kennebunkport, ME, US",NA,NA
"Brains","Cardiff, Cardiff, GB",NA,NA
"Brouwerij Pirlot","Zandhoven, Vlaams Gewest, BE",NA,NA
"Lundabryggeriet","",NA,NA
"Saku Õlletehase (Carlsberg Group)","Saku, Harju County, EE",NA,NA
"Buffalo Bill's Brewery (California)","Hayward, CA, US",NA,NA
"Four Horsemen Brewing Company","South Bend, IN, US",NA,NA
"Cervecería Cuauhtémoc Moctezuma (Heineken)","Monterey, CA, US",NA,NA
"Zeunerts","",NA,NA
"Brouwerij Strubbe","Ichtegem, West-Vlaanderen, BE",NA,NA
"Brouwerij Sint-Jozef","Bree, Limburg, BE",NA,NA
"United Dutch Breweries","Breda, Noord-Brabant, NL",NA,NA
"Wicked Beaver Brewing Company","Wolfforth, TX, US",NA,NA
"Vermont Pub & Brewery","Burlington, VT, US",NA,NA
"Stallhagen","Godby, Åland, FI",NA,NA
"Drink Four Brewing Co.","Chicago, IL, US",NA,NA
"Bryghuset Braunstein","Køge, Sjælland, DK",NA,NA
"Stevens Point Brewery","Stevens Point, WI, US",NA,NA
"Ringnes Bryggeri (Carlsberg Group)","Oslo, Oslo, NO",NA,NA
"Indian Wells Brewing Company","Ridgecrest, CA, US",NA,NA
"The Fat Cat Beer Company","San Diego, CA, US",NA,NA
"Ellis Island Casino & Brewery","Las Vegas, NV, US",NA,NA
"Bayhawk Ales","Santa Ana, CA, US",NA,NA
"Grebbestad Bryggeri","Grebbestad,                   SE",NA,NA
"Jädraås Bryggeri","",NA,NA
"Mongozo B.V.","Venray, Limburg, NL",NA,NA
"Les Brasseurs de Gayant","Douai, Nord-Pas-de-Calais, FR",NA,NA
"Redhook Ale Brewery","Woodinville, WA, US",NA,NA
"Blue Moon Brewing Company","",NA,NA
"Everards Brewery","Leicester, Leicestershire, GB",NA,NA
"John Smiths (Heineken)","Tadcaster, North Yorkshire, GB",NA,NA
"Cascade Brewery Co.","South Hobart, Tasmania, AU",NA,NA
"Trollbryggeriet","NO",NA,NA
"Södra Maltfabriken","Handen,                   SE",NA,NA
"Steinhaus Brewing Co.","Paso Robles, CA, US",NA,NA
"Brouwerij Haacht","Haacht, Vlaams-Brabant, BE",NA,NA
"A. Le Coq","Tartu, Tartumaa, EE",NA,NA
"Mohawk Brewing Company","Täby,                   SE",NA,NA
"Budelse Brouwerij B.V.","NL",NA,NA
"Grupo Cruzcampo","",NA,NA
"Bergquell Brauerei Löbau","Löbau,                   DE",NA,NA
"Round Guys Brewing Company","Lansdale, PA, US",NA,NA
"Brasserie du Bocq","Purnode, Namur, BE",NA,NA
"Boundary Road Brewery","Papakura, Auckland, NZ",NA,NA
"Southend Brewery and Smokehouse","Charleston, SC, US",NA,NA
"Bavaria Brouwerij","Lieshout, Noord-Brabant, NL",NA,NA
"Austmann","",NA,NA
"Cerveceria Mexicana","",NA,NA
"Heineken (France)","Rueil-Malmaison, Île-de-France, FR",NA,NA
"New Planet","Boulder, CO, US",NA,NA
"Font Salem, S.L.","Salem, Comunidad Valenciana, ES",NA,NA
"Strömsholms Brygghus","SE",NA,NA
"Tooheys Brewing (Lion Nathan)","Lidcombe, NSW, AU",NA,NA
"Evil Genius Beer Company","West Grove, PA, US",NA,NA
"Ass Kisser Ales","San Jose, CA, US",NA,NA
"Rekolan Panimo","",NA,NA
"Napa Smith Brewery","Napa, CA, US",NA,NA
"Speight's","",NA,NA
"Trafalgar Ales & Meads","Oakville, ON, CA",NA,NA
"Berliner-Kindl-Schultheiss-Brauerei (Radeberger Gruppe)","Berlin, BE, DE",NA,NA
"Brasserie de Silly","Brugelette, Hainaut, BE",NA,NA
"Traditional Scottish Ales","Throsk, Stirlingshire, GB",NA,NA
"Delhaize Group N.V.","",NA,NA
"Hite Brewery Company","서울특별시,                   KR",NA,NA
"CIB Brewery","Carson, IA, US",NA,NA
"Stoudts Brewing Company","Adamstown, PA, US",NA,NA
"Oland Brewery (AB-Inbev)","Halifax, NS, CA",NA,NA
"Brouwerij De Leckere","Utrecht, Utrecht, NL",NA,NA
"Melanie Brewing Company","Gary, IN, US",NA,NA
"World Brews","",NA,NA
"Kirkland Signature","San Jose, CA, US",NA,NA
"South Plains Brewing Company","Malmö,                   SE",NA,NA
"Brouwerij Mort Subite (formerly De Keersmaeker)","Waarloos, Antwerpen, BE",NA,NA
"Mallaskosken Panimo","Seinäjoki,                   FI",NA,NA
"Labatt Brewing Company","Toronto, ON, CA",NA,NA
"Les Brasseurs RJ","Montréal, QC, CA",NA,NA
"Eskilstuna Ölkultur","Eskilstuna, Södermanland, SE",NA,NA
"Big Rock Brewery","Calgary, AB, CA",NA,NA
"Winery Exchange","Novato, CA, US",NA,NA
"Kopparbergs Bryggeri","Grängesberg,                   SE",NA,NA
"Brauerei Beck (ABInBev)","Bremen,                   DE",NA,NA
"Horny Goat Brewing Co.","Milwaukee, WI, US",NA,NA
"Ramses Bier","Breda, Noord-Brabant, NL",NA,NA
"Hantverksbryggeriet","",NA,NA
"Saimaan Juomatehdas","Lappeenranta,                   FI",NA,NA
"Hellefors Bryggeri (Spendrups)","",NA,NA
"Cervejaria Petrópolis","Petrópolis, RJ, BR",NA,NA
"Krönleins Bryggeri","Halmstad,                   SE",NA,NA
"Olvi","FI",NA,NA
"Harboes Bryggeri","Skælskør, Sjælland, DK",NA,NA
"Asahi Breweries","千代田区, 東京都, JP",NA,NA
"Carlsberg Group","København V, Hovedstaden, DK",NA,NA
"Åbro Bryggeri","Vimmerby, Småland, SE",NA,NA
"Greene King","GB",NA,NA
"Hartwall","Helsinki,                   FI",NA,NA
"Brasserie Belle-Vue (ABInBev)","Sint-Gillis / Saint-Gilles, Brussels, BE",NA,NA
"Trader Joe's (JosephsBrau)","San Jose, CA, US",NA,NA
"Grythyttans Brygghus","",NA,NA
"Molson Coors Canada","Mississauga, ON, CA",NA,NA
"Tailgate Beer","San Diego, CA, US",NA,NA
"Frankfurter Brauhaus","Frankfurt (Oder), Brandenburg, DE",NA,NA
"Rinkuškiai","",NA,NA
"Monteith's Brewing Co. (DB Breweries)","NZ",NA,NA
"Carlton & United Breweries (Fosters Group)","Richmond, VIC, AU",NA,NA
"Brouwerij Martens","Bocholt, Vlaams Gewest, BE",NA,NA
"Grans Bryggeri","Sandefjord, Vestfold, NO",NA,NA
"Nils Oscar","Nyköping, Södermanland, SE",NA,NA
"Mendocino Brewing Company","Ukiah, CA, US",NA,NA
"Ridgeway Brewing","Stoke on Trent, Staffordshire, GB",NA,NA
"Genesee Brewing Company","Rochester, NY, US",NA,NA
"Oettinger Brauerei","DE",NA,NA
"Caledonian (Heineken)","Edinburgh, City of Edinburgh, GB",NA,NA
"Sigtuna Brygghus","Stockholm-Arlanda, Stockholm, SE",NA,NA
"Pyramid Breweries","Seattle, WA, US",NA,NA
"FEMSA Cerveja Brasil","",NA,NA
"Minhas Craft Brewery","Monroe, WI, US",NA,NA
"Brewery John Martin & Brewery Timmermans","BE",NA,NA
"Shepherd Neame","Faversham, Kent, GB",NA,NA
"Marston's Beer Co","Burton-on-Trent, Staffordshire, GB",NA,NA
"Slottskällans Bryggeri","Uppsala,                   SE",NA,NA
"Dugges Ale- & Porterbryggeri AB","Landvetter, Västra Götaland, SE",NA,NA
"Hansa Borg Bryggerier","Bergen, Hordaland, NO",NA,NA
"Heineken","Zoeterwoude, Zuid-Holland, NL",NA,NA
"Magic Hat Brewing Company","South Burlington, VT, US",NA,NA
"The Matt Brewing Company (Saranac)","Utica, NY, US",NA,NA
"Laitilan Wirvoitusjuomatehdas","Kitee,                   FI",NA,NA
"Mack Bryggeri","Tromsø, Troms, NO",NA,NA
"Schincariol","Itu, SP, BR",NA,NA
"Miller Brewing Company","Milwaukee, WI, US",NA,NA
"Brouwerij De Troch","BE",NA,NA
"Royal Unibrew","DK",NA,NA
"St. Eriks Bryggeri","Stockholm-Arlanda, Stockholm, SE",NA,NA
"Coors Brewing Company","Golden, CO, US",NA,NA
"Sinebrychoff (Carlsberg Group)","Kerava, FI, FI",NA,NA
"Ambev (ABInBev)","São Paulo, SP, BR",NA,NA
"Rhinelander Brewing Company","Rhinelander, WI, US",NA,NA
"Spendrups Bryggeri","Botkyrka Municipality, Stockholm, SE",NA,NA
"Carlsberg Sverige (Carlsberg Group)","SE",NA,NA
"Anheuser-Busch (ABInBev)","Saint Louis, MO, US",NA,NA
